{"products": [
  {
    "productSKU": "ANDES0001",
    "productName": "Andes Origen",
    "productType": "Cerveza",
    "productVariant": "Rubia",
    "productPresentation": "Lata",
    "productPresentationPack": "Pack",
    "productPresentationQty": 6,
    "productPrice": 150,
    "productInCart": 0
  },
  {
    "productSKU": "ANDES0002",
    "productName": "Andes Origen",
    "productType": "Cerveza",
    "productVariant": "Roja",
    "productPresentation": "Lata",
    "productPresentationPack": "Pack",
    "productPresentationQty": 6,
    "productPrice": 150,
    "productInCart": 0
  },
  {
    "productSKU": "ANDES0003",
    "productName": "Andes Origen",
    "productType": "Cerveza",
    "productVariant": "Negra",
    "productPresentation": "Lata",
    "productPresentationPack": "Pack",
    "productPresentationQty": 6,
    "productPrice": 150,
    "productInCart": 0
  },
  {
    "productSKU": "ANDES0004",
    "productName": "Andes Origen",
    "productType": "Cerveza",
    "productVariant": "Criolla",
    "productPresentation": "Lata",
    "productPresentationPack": "Pack",
    "productPresentationQty": 6,
    "productPrice": 150,
    "productInCart": 0
  },
  {
    "productSKU": "ANDES0005",
    "productName": "Andes Origen",
    "productType": "Cerveza",
    "productVariant": "Ipa",
    "productPresentation": "Lata",
    "productPresentationPack": "Pack",
    "productPresentationQty": 6,
    "productPrice": 150,
    "productInCart": 0
  },
  {
    "productSKU": "ANDES0006",
    "productName": "Andes Origen",
    "productType": "Cerveza",
    "productVariant": "Red Ipa",
    "productPresentation": "Lata",
    "productPresentationPack": "Pack",
    "productPresentationQty": 6,
    "productPrice": 150,
    "productInCart": 0
  },
  {
    "productSKU": "QUILMES0001",
    "productName": "Quilmes",
    "productType": "Cerveza",
    "productVariant": "Rubia",
    "productPresentation": "Lata",
    "productPresentationPack": "Pack",
    "productPresentationQty": 6,
    "productPrice": 100,
    "productInCart": 0
  },
  {
    "productSKU": "QUILMES0002",
    "productName": "Quilmes",
    "productType": "Cerveza",
    "productVariant": "Red Lager",
    "productPresentation": "Lata",
    "productPresentationPack": "Pack",
    "productPresentationQty": 6,
    "productPrice": 100,
    "productInCart": 0
  },
  {
    "productSKU": "QUILMES0003",
    "productName": "Quilmes",
    "productType": "Cerveza",
    "productVariant": "Bock",
    "productPresentation": "Lata",
    "productPresentationPack": "Pack",
    "productPresentationQty": 6,
    "productPrice": 100,
    "productInCart": 0
  },
  {
    "productSKU": "QUILMES0004",
    "productName": "Quilmes",
    "productType": "Cerveza",
    "productVariant": "Stout",
    "productPresentation": "Lata",
    "productPresentationPack": "Pack",
    "productPresentationQty": 6,
    "productPrice": 100,
    "productInCart": 0
  },
  {
    "productSKU": "QUILMES0005",
    "productName": "Quilmes",
    "productType": "Cerveza",
    "productVariant": "0,00 %",
    "productPresentation": "Lata",
    "productPresentationPack": "Pack",
    "productPresentationQty": 6,
    "productPrice": 100,
    "productInCart": 0
  },
  {
    "productSKU": "PATA0001",
    "productName": "Patagonia",
    "productType": "Cerveza",
    "productVariant": 24.7,
    "productPresentation": "Lata",
    "productPresentationPack": "Pack",
    "productPresentationQty": 6,
    "productPrice": 200,
    "productInCart": 0
  },
  {
    "productSKU": "CHIVR12750",
    "productName": "Chivas Regal",
    "productType": "Whisky",
    "productVariant": "12 años",
    "productPresentation": "750cc",
    "productPresentationPack": "Botella",
    "productPresentationQty": 1,
    "productPrice": 4000,
    "productInCart": 0
  },
  {
    "productSKU": "CHIVR121000",
    "productName": "Chivas Regal",
    "productType": "Whisky",
    "productVariant": "12 años",
    "productPresentation": "1000cc",
    "productPresentationPack": "Botella",
    "productPresentationQty": 1,
    "productPrice": 5000,
    "productInCart": 0
  },
  {
    "productSKU": "JACKD750",
    "productName": "Jack Daniels",
    "productType": "Whisky",
    "productVariant": "Bourbon",
    "productPresentation": "750cc",
    "productPresentationPack": "Botella",
    "productPresentationQty": 1,
    "productPrice": 4500,
    "productInCart": 0
  },
  {
    "productSKU": "JACKD1000",
    "productName": "Jack Daniels",
    "productType": "Whisky",
    "productVariant": "Bourbon",
    "productPresentation": "1000cc",
    "productPresentationPack": "Botella",
    "productPresentationQty": 1,
    "productPrice": 5500,
    "productInCart": 0
  },
  {
    "productSKU": "JAMES750",
    "productName": "Jameson",
    "productType": "Whisky",
    "productVariant": "Irish",
    "productPresentation": "750cc",
    "productPresentationPack": "Botella",
    "productPresentationQty": 1,
    "productPrice": 2500,
    "productInCart": 0
  },
  {
    "productSKU": "JAMES1000",
    "productName": "Jameson",
    "productType": "Whisky",
    "productVariant": "Irish",
    "productPresentation": "1000cc",
    "productPresentationPack": "Botella",
    "productPresentationQty": 1,
    "productPrice": 3200,
    "productInCart": 0
  },
  {
    "productSKU": "ABSOLUT001",
    "productName": "Absolut",
    "productType": "Vodka",
    "productVariant": "Sabor original",
    "productPresentation": "750cc",
    "productPresentationPack": "Botella",
    "productPresentationQty": 1,
    "productPrice": 2000,
    "productInCart": 0
  },
  {
    "productSKU": "SMIRNOFF001",
    "productName": "Smirnoff",
    "productType": "Vodka",
    "productVariant": "Sabor original",
    "productPresentation": "750cc",
    "productPresentationPack": "Botella",
    "productPresentationQty": 1,
    "productPrice": 1000,
    "productInCart": 0
  },
  {
    "productSKU": "BRIGHTON001",
    "productName": "Brighton",
    "productType": "Gin",
    "productVariant": "Sabor original",
    "productPresentation": "750cc",
    "productPresentationPack": "Botella",
    "productPresentationQty": 1,
    "productPrice": 1400,
    "productInCart": 0
  },
  {
    "productSKU": "BEEFEAT001",
    "productName": "Beefeater",
    "productType": "Gin",
    "productVariant": "Sabor original",
    "productPresentation": "750cc",
    "productPresentationPack": "Botella",
    "productPresentationQty": 1,
    "productPrice": 2400,
    "productInCart": 0
  },
  {
    "productSKU": "BOMBAY001",
    "productName": "Bombay Saphire",
    "productType": "Gin",
    "productVariant": "Sabor original",
    "productPresentation": "750cc",
    "productPresentationPack": "Botella",
    "productPresentationQty": 1,
    "productPrice": 3000,
    "productInCart": 0
  },
  {
    "productSKU": "RUTTINI001",
    "productName": "Ruttini",
    "productType": "Vino",
    "productVariant": "Malbec",
    "productPresentation": "750cc",
    "productPresentationPack": "Botella",
    "productPresentationQty": 1,
    "productPrice": 2500,
    "productInCart": 0
  },
  {
    "productSKU": "TRUMPET001",
    "productName": "Trumpeter",
    "productType": "Vino",
    "productVariant": "Malbec",
    "productPresentation": "750cc",
    "productPresentationPack": "Botella",
    "productPresentationQty": 1,
    "productPrice": 1500,
    "productInCart": 0
  },
  {
    "productSKU": "CATZAPA001",
    "productName": "Catena Zapata",
    "productType": "Vino",
    "productVariant": "Malbec",
    "productPresentation": "750cc",
    "productPresentationPack": "Botella",
    "productPresentationQty": 1,
    "productPrice": 2000,
    "productInCart": 0
  },
  {
    "productSKU": "LBOSCA001",
    "productName": "Luigi Bosca",
    "productType": "Vino",
    "productVariant": "Malbec",
    "productPresentation": "750cc",
    "productPresentationPack": "Botella",
    "productPresentationQty": 1,
    "productPrice": 1000,
    "productInCart": 0
  },
  {
    "productSKU": "ALAMOS001",
    "productName": "Alamos",
    "productType": "Vino",
    "productVariant": "Malbec",
    "productPresentation": "750cc",
    "productPresentationPack": "Botella",
    "productPresentationQty": 1,
    "productPrice": 900,
    "productInCart": 0
  },
  {
    "productSKU": "BIANCHI001",
    "productName": "Bianchi",
    "productType": "Vino",
    "productVariant": "Malbec",
    "productPresentation": "750cc",
    "productPresentationPack": "Botella",
    "productPresentationQty": 1,
    "productPrice": 900,
    "productInCart": 0
  },
  {
    "productSKU": "EGASCÓN001",
    "productName": "Escorihuela Gascón",
    "productType": "Vino",
    "productVariant": "Malbec",
    "productPresentation": "750cc",
    "productPresentationPack": "Botella",
    "productPresentationQty": 1,
    "productPrice": 1300,
    "productInCart": 0
  },
  {
    "productSKU": "CHANDON001",
    "productName": "Chandon",
    "productType": "Champagne",
    "productVariant": "Demi sec",
    "productPresentation": "750cc",
    "productPresentationPack": "Botella",
    "productPresentationQty": 1,
    "productPrice": 600,
    "productInCart": 0
  },
  {
    "productSKU": "BARONV001",
    "productName": "Baron V",
    "productType": "Champagne",
    "productVariant": "Demi sec",
    "productPresentation": "750cc",
    "productPresentationPack": "Botella",
    "productPresentationQty": 1,
    "productPrice": 1000,
    "productInCart": 0
  }
]}